Receive ID,Data Size,Phase Values (deg),Received Power (dBm),time of arrival (sec),doa_phi(),doa_theta(deg),dod_phi(deg),dod_theta(deg),rx_x,rx_y,rx_z
193,5,"[144.238, -51.3523, -138.756, 96.8132, -81.1086]","[-99.3093, -107.707, -109.918, -129.431, -137.941]","[4.07867e-07, 4.1651e-07, 4.24947e-07, 4.3325e-07, 4.26451e-07]","[48.7198, 48.7198, 135.37, 135.37, 122.973]","[50.3489, 131.065, 52.2323, 129.163, 41.2728]","[-131.28, -131.28, -135.37, -135.37, -136.542]","[129.651, 131.065, 127.768, 129.163, 126.433]",128.728,127.826,2
194,5,"[-95.6441, 30.5551, 154.558, 146.596, 162.723]","[-98.774, -104.379, -107.865, -113.231, -114.565]","[3.83515e-07, 4.69133e-07, 3.92695e-07, 4.69139e-07, 4.76667e-07]","[56.9083, 142.537, 56.9083, 141.999, 142.537]","[47.2634, 56.3047, 134.167, 56.3051, 125.03]","[-123.092, -142.887, -123.092, -143.1, -142.887]","[132.737, 123.695, 134.167, 123.695, 125.03]",144.728,127.826,2
195,5,"[58.9541, -33.93, -113.941, -106.807, 1.07292]","[-123.983, -127.79, -127.936, -132.782, -133.613]","[5.15274e-07, 4.84917e-07, 4.93643e-07, 5.08393e-07, 5.20743e-07]","[76.7053, -72.879, 147.192, 76.9432, 171.506]","[122.073, 57.5394, 58.1814, 60.9518, 60.0136]","[-103.295, -103.459, -144.986, -103.376, -137.067]","[122.073, 122.461, 121.819, 121.385, 119.986]",160.728,127.826,2
196,5,"[-99.0681, 126.747, -161.59, -21.9797, 148.058]","[-98.089, -105.847, -106.033, -110.524, -116.323]","[3.5446e-07, 3.64372e-07, 4.7433e-07, 3.5447e-07, 4.81783e-07]","[78.732, 78.732, -83.6441, 81.2302, -83.6441]","[42.7556, 138.669, 56.7223, 42.7575, 124.605]","[-101.268, -101.268, -96.9232, -101.438, -96.9232]","[137.244, 138.669, 123.278, 137.243, 124.605]",176.728,127.826,2
197,5,"[24.907, 57.9708, -105.378, -32.6518, -79.543]","[-98.0133, -104.937, -113.079, -114.876, -124.986]","[3.51385e-07, 3.61382e-07, 6.68924e-07, 4.74363e-07, 4.81815e-07]","[91.5457, 91.5457, -25.8613, -90.5818, -90.5818]","[42.2106, 139.211, 67.1028, 56.7248, 124.602]","[-88.4543, -88.4543, -58.1131, -88.9941, -88.9941]","[137.789, 139.211, 112.897, 123.275, 124.602]",192.728,127.826,2
198,5,"[-131.675, 169.814, 141.032, -6.92489, -13.0303]","[-106.369, -112.224, -112.447, -117.14, -118.932]","[4.94658e-07, 6.25382e-07, 5.08195e-07, 5.01808e-07, 3.56441e-07]","[-98.1668, -28.2084, 98.5671, -98.1668, 112.755]","[58.2543, 65.4071, 59.1939, 123.042, 43.099]","[-81.8332, -55.7661, -82.1446, -81.8332, -76.1047]","[121.746, 114.593, 120.806, 123.042, 136.901]",208.728,127.826,2
199,5,"[163.692, 50.1828, -176.562, -129.932, 7.93254]","[-110.936, -116.435, -122.976, -127.424, -129.38]","[5.01254e-07, 4.8763e-07, 5.08312e-07, 4.94882e-07, 5.01299e-07]","[106.012, -106.433, 106.012, -106.433, 104.378]","[58.7197, 57.742, 122.566, 123.565, 58.7228]","[-74.7001, -74.2044, -74.7001, -74.2044, -74.2044]","[121.28, 122.258, 122.566, 123.565, 121.277]",224.728,127.826,2
200,5,"[-127.191, -110.563, -142.536, -46.377, 169.171]","[-98.893, -107.297, -120.284, -122.148, -123.363]","[3.88797e-07, 5.00772e-07, 5.07837e-07, 5.00786e-07, 3.88995e-07]","[125.209, -109.847, -109.847, -110.055, 129.086]","[47.9786, 58.6861, 122.6, 57.8438, 51.3188]","[-54.7911, -66.3348, -66.3348, -66.3857, -55.4802]","[132.021, 121.314, 122.6, 121.105, 132.568]",240.728,127.826,2
201,5,"[119.281, 175.394, 88.1817, 175.289, -138.688]","[-99.4492, -104.376, -109.321, -120.034, -120.639]","[4.14482e-07, 4.44671e-07, 4.2299e-07, 4.52612e-07, 4.22994e-07]","[132.98, 40.8852, 132.98, 40.8852, 132.778]","[51.1027, 54.1761, 130.305, 127.194, 130.05]","[-47.0195, -40.8852, -47.0195, -40.8852, -46.8738]","[128.897, 125.824, 130.305, 127.194, 130.486]",256.728,127.826,2
216,5,"[112.44, 169.019, 101.459, 17.603, 39.6043]","[-98.6821, -104.895, -109.232, -113.597, -134.379]","[3.79483e-07, 3.97784e-07, 3.88758e-07, 4.06642e-07, 3.81793e-07]","[41.3925, 142.625, 41.3925, 142.625, 36.5698]","[46.6983, 49.1345, 134.733, 132.288, 53.849]","[-138.608, -142.625, -138.608, -142.625, -135.063]","[133.302, 130.865, 134.733, 132.288, 137.568]",128.728,143.826,2
217,5,"[-80.4463, -144.478, 112.548, 39.5538, -50.2046]","[-98.0576, -115.894, -121.607, -121.905, -128.757]","[3.53179e-07, 3.63132e-07, 3.53337e-07, 3.53348e-07, 5.09477e-07]","[49.8954, 49.4951, 51.659, 52.1535, 169.708]","[42.5304, 139.303, 44.5817, 45.1858, 59.2798]","[-130.105, -129.955, -131.07, -130.903, -137.067]","[137.47, 138.739, 138.518, 138.338, 120.72]",144.728,143.826,2
220,5,"[6.70059, -51.2754, -164.134, 57.6436, 132.269]","[-97.1454, -106.082, -119.413, -128.089, -130.556]","[3.17999e-07, 3.29012e-07, 5.19822e-07, 3.38457e-07, 3.48557e-07]","[91.9973, 91.9973, -90.3494, 53.23, 54.8261]","[35.0707, 146.265, 59.955, 42.0681, 140.375]","[-88.0027, -88.0027, -88.9941, -61.2604, -60.2513]","[144.929, 146.265, 120.045, 141.869, 142.728]",192.728,143.826,2
223,5,"[48.1719, 166.744, -176.456, 10.9677, 147.325]","[-117.469, -119.578, -119.767, -127.862, -130.235]","[4.81683e-07, 4.67825e-07, 4.8169e-07, 4.89024e-07, 4.89031e-07]","[-17.1903, 28.7649, -16.9007, -17.1903, -16.9007]","[57.2944, 125.793, 57.2949, 124.022, 124.021]","[-40.0874, -28.7649, -40.012, -40.0874, -40.012]","[122.706, 125.793, 122.705, 124.022, 124.021]",240.728,143.826,2
224,5,"[178.247, 174.169, -8.51809, 122.615, -173.294]","[-98.8433, -107.198, -113.619, -121.962, -122.457]","[3.86584e-07, 3.95692e-07, 3.95692e-07, 3.86724e-07, 4.23214e-07]","[140.296, 140.296, 140.316, 141.526, 36.3873]","[47.6823, 133.747, 133.722, 49.3487, 52.0502]","[-39.7042, -39.7042, -39.7183, -40.5514, -32.7831]","[132.318, 133.747, 133.764, 133.409, 127.95]",256.728,143.826,2
238,5,"[-122.493, 68.1159, -111.618, 72.9815, 174.94]","[-98.9264, -106.718, -118.064, -123.226, -125.236]","[3.90297e-07, 3.99321e-07, 4.11703e-07, 4.20236e-07, 4.11767e-07]","[26.3774, 26.3774, -36.4976, -36.1522, -37.7139]","[48.1766, 133.251, 50.79, 130.624, 53.2797]","[-153.623, -153.623, -144.986, -144.94, -145.187]","[131.823, 133.251, 129.21, 130.624, 129.6]",112.728,159.826,2
239,5,"[93.0701, 25.9395, -146.928, 145.515, 167.559]","[-98.1481, -106.827, -128.553, -132.577, -137.103]","[3.56875e-07, 3.66722e-07, 3.57599e-07, 4.84083e-07, 4.8194e-07]","[31.9518, 31.9518, 29.6139, -106.196, -100.147]","[43.1733, 138.254, 47.2368, 57.4766, 57.3141]","[-148.048, -148.048, -146.218, -137.067, -135.452]","[136.827, 138.254, 139.603, 122.523, 122.686]",128.728,159.826,2
240,5,"[174.752, -57.3322, -86.6448, -95.2054, 106.428]","[-132.235, -135.796, -139.703, -140.606, -143.162]","[3.30466e-07, 5.08113e-07, 5.06786e-07, 3.42005e-07, 5.04338e-07]","[48.3448, 113.352, -132.105, 50.3296, 110.329]","[31.2936, 59.1884, 59.0988, 150.892, 58.9323]","[-143.495, 167.219, -137.067, -144.562, 165.203]","[138.703, 120.812, 120.901, 139.067, 121.068]",144.728,159.826,2
242,5,"[-152.24, -14.9933, 121.486, -25.2858, 149.28]","[-96.4738, -108.633, -120.772, -131.895, -136.63]","[2.94357e-07, 3.06221e-07, 2.94667e-07, 3.06519e-07, 6.18582e-07]","[70.005, 70.005, 88.2182, 88.2182, -59.7584]","[27.8493, 153.317, 27.9632, 153.207, 65.1185]","[-109.995, -109.995, -111.712, -111.712, -78.256]","[152.151, 153.317, 152.037, 153.207, 114.882]",176.728,159.826,2
243,5,"[127.318, 81.0033, 96.0756, -22.2124, 91.3413]","[-96.3636, -108.794, -126.074, -126.109, -130.309]","[2.90647e-07, 3.02657e-07, 5.66666e-07, 6.44865e-07, 3.13061e-07]","[92.8214, 92.8214, -90.2497, -128.098, 43.2882]","[26.4318, 154.693, 62.6587, 66.1969, 36.693]","[-87.1786, -87.1786, -88.9941, -78.256, -52.1508]","[153.568, 154.693, 117.341, 113.803, 148.312]",192.728,159.826,2
246,5,"[113.648, 54.7823, 123.585, -12.8045, -114.803]","[-135.519, -136.754, -137.944, -138.952, -144.63]","[3.38086e-07, 4.42684e-07, 5.91331e-07, 3.39994e-07, 3.49729e-07]","[130.569, 12.6983, -112.392, 120.559, 128.559]","[30.3041, 53.9902, 63.8876, 40.0489, 151.703]","[-33.4187, -23.8814, -74.2044, -26.6994, -32.3796]","[136.136, 126.01, 116.112, 139.951, 136.477]",240.728,159.826,2
247,5,"[-177.538, 69.1365, -38.4782, -62.732, 129.893]","[-98.3299, -106.155, -111.655, -113.214, -119.384]","[3.64416e-07, 4.03012e-07, 3.74065e-07, 4.11758e-07, 3.74066e-07]","[149.562, 24.8313, 149.562, 24.8313, 149.615]","[44.4228, 49.7745, 137.008, 131.644, 136.926]","[-30.4376, -24.8313, -30.4376, -24.8313, -30.475]","[135.577, 130.225, 137.008, 131.644, 137.067]",256.728,159.826,2
262,5,"[-166.522, 124.174, -108.79, -79.3821, -77.4851]","[-97.7574, -104.091, -112.816, -116.797, -125.695]","[3.41192e-07, 3.51479e-07, 3.91535e-07, 4.00531e-07, 4.51728e-07]","[20.1035, 20.1035, 166.355, 166.355, 101.074]","[40.2877, 141.119, 48.3385, 133.088, 54.8196]","[-159.897, -159.897, -164.763, -164.763, 167.219]","[139.712, 141.119, 131.661, 133.088, 125.18]",128.728,175.826,2
263,5,"[-94.5563, -133.097, -136.735, 29.2135, 5.6999]","[-118.988, -119.628, -125.366, -136.878, -137.996]","[3.11786e-07, 3.11791e-07, 3.23016e-07, 4.67933e-07, 3.23489e-07]","[28.3662, 31.5917, 31.5917, 121.428, 31.345]","[30.8171, 33.4114, 147.892, 56.2067, 153.169]","[-154.335, -155.281, -155.281, 167.219, -155.205]","[145.844, 146.589, 147.892, 123.793, 146.036]",144.728,175.826,2
266,5,"[34.2848, -4.03762, 176.275, -83.1462, 139.401]","[-95.7604, -103.866, -140.842, -141.847, -142.111]","[2.71161e-07, 2.83997e-07, 2.97659e-07, 6.45727e-07, 7.04117e-07]","[94.8004, 94.8004, 11.234, -76.2108, 91.0391]","[16.2985, 164.457, 29.0296, 66.2306, 70.8249]","[-85.1996, -85.1996, -46.9469, -78.256, 90.0484]","[163.702, 164.457, 150.97, 113.769, 114.81]",192.728,175.826,2
269,5,"[97.3862, 72.6729, 179.253, -28.4881, 113.696]","[-97.1496, -106.202, -123.237, -130.85, -131.364]","[3.18152e-07, 3.2916e-07, 3.18438e-07, 3.29525e-07, 6.36775e-07]","[155.517, 155.517, 163.54, 158.797, -107.772]","[35.1099, 146.226, 35.183, 140.597, 65.8754]","[-24.4828, -24.4828, -26.6994, -25.2751, -74.2044]","[144.89, 146.226, 144.817, 147.368, 114.125]",240.728,175.826,2
270,5,"[-113.716, -142.726, 56.328, 176.397, 114.588]","[-97.9559, -104.468, -106.2, -121.087, -139.166]","[3.49073e-07, 3.59135e-07, 3.71015e-07, 3.80497e-07, 3.61283e-07]","[160.975, 160.975, 16.666, 16.666, 172.976]","[41.7905, 139.629, 45.4532, 135.979, 139.23]","[-19.0252, -19.0252, -16.666, -16.666, -26.6994]","[138.209, 139.629, 134.547, 135.979, 139.23]",256.728,175.826,2
285,5,"[-168.465, 37.9824, 116.992, 14.2477, 91.8408]","[-97.5569, -106.081, -130.125, -136.242, -136.807]","[3.33415e-07, 3.43935e-07, 4.10532e-07, 5.74016e-07, 3.56282e-07]","[6.18289, 6.18289, 108.508, -94.6991, 143.051]","[38.6843, 142.706, 50.6565, 63.0374, 43.0717]","[-173.817, -173.817, 167.219, -135.452, -177.317]","[141.316, 142.706, 129.343, 116.963, 136.928]",128.728,191.826,2
286,5,"[172.691, 104.968, -57.5282, -81.9596, 173.586]","[-96.7294, -100.864, -102.554, -108.019, -108.454]","[3.0314e-07, 3.15293e-07, 3.14674e-07, 3.15294e-07, 3.26398e-07]","[8.30305, -29.8131, 8.30305, -29.6913, -29.8131]","[30.8446, 34.3642, 150.401, 34.316, 146.958]","[-171.697, -149.547, -171.697, -149.472, -149.547]","[149.155, 145.636, 150.401, 145.606, 146.958]",144.728,191.826,2
287,5,"[174.6, 119.539, -37.2364, 125.157, 101.589]","[-96.0349, -100.948, -102.959, -111.205, -116.738]","[2.79862e-07, 2.92315e-07, 2.9287e-07, 2.9287e-07, 3.04792e-07]","[12.6005, 12.6005, -41.2124, -40.933, -41.2124]","[21.5693, 159.392, 27.2935, 27.1667, 153.857]","[-167.399, -167.399, -138.147, -137.977, -138.147]","[158.431, 159.392, 152.706, 152.628, 153.857]",160.728,191.826,2
288,5,"[106.832, -157.171, 162.193, 81.3491, 59.5784]","[-95.5746, -106.905, -121.556, -131.545, -140.611]","[2.65428e-07, 2.78528e-07, 4.77607e-07, 4.8501e-07, 6.55356e-07]","[25.5174, 25.5174, 176.041, 176.041, 86.0908]","[11.3202, 169.219, 56.9799, 124.342, 67.8609]","[-154.483, -154.483, -177.377, -177.377, 95.1053]","[168.68, 169.219, 123.02, 124.342, 114.742]",176.728,191.826,2
289,5,"[165.674, 67.1272, -102.315, 95.6952, 179.038]","[-95.4386, -101.571, -139.504, -157.429, -157.691]","[2.61308e-07, 2.74604e-07, 6.54158e-07, 6.84225e-07, 5.99711e-07]","[105.84, 105.84, 91.1353, 91.3806, 178.081]","[5.12239, 175.126, 67.8343, 85.6977, 86.376]","[-74.1595, -74.1595, 89.96, 90.2213, -176.742]","[174.878, 175.126, 114.809, 129.446, 134.771]",192.728,191.826,2
290,5,"[145.667, -102.39, 147.317, -118.158, -167.188]","[-95.6577, -108.152, -128.187, -128.93, -134.878]","[2.67978e-07, 2.80958e-07, 3.43637e-07, 3.43484e-07, 3.53853e-07]","[159.414, 159.414, -33.0607, -31.5441, -33.0607]","[13.7803, 166.868, 40.7662, 40.7364, 140.645]","[-20.5864, -20.5864, -27.5543, -26.6994, -27.5543]","[166.22, 166.868, 139.234, 139.264, 140.645]",208.728,191.826,2
291,5,"[-85.3392, 105.306, 75.8826, 14.7447, -153.493]","[-96.1833, -102.554, -108.951, -118.693, -119.741]","[2.8468e-07, 2.96931e-07, 3.15127e-07, 3.22213e-07, 3.15131e-07]","[168.78, 168.78, -137.841, -72.0688, -138.308]","[23.9027, 157.141, 150.257, 36.1244, 150.506]","[-11.2202, -11.2202, -44.6316, -27.5543, -44.9566]","[156.097, 157.141, 150.257, 143.876, 150.08]",224.728,191.826,2
292,5,"[-119.755, 138.537, -42.5557, 146.017, 132.647]","[-96.9182, -102.499, -113.855, -119.327, -120.894]","[3.09796e-07, 3.21091e-07, 3.38422e-07, 3.27778e-07, 3.38423e-07]","[172.324, 172.324, -148.206, -146.6, -148.284]","[32.8478, 148.444, 143.949, 38.2537, 143.986]","[-7.6759, -7.6759, -34.2668, -33.2132, -34.3221]","[147.152, 148.444, 143.949, 143.091, 143.922]",240.728,191.826,2
293,5,"[160.922, 145.864, 96.1392, 5.97589, 52.3383]","[-97.7646, -104.071, -108.565, -121.085, -127.677]","[3.41475e-07, 3.51754e-07, 3.65118e-07, 3.74748e-07, 3.65202e-07]","[174.173, 174.173, 2.9364, 2.9364, 10.3808]","[40.3436, 141.064, 44.5349, 136.896, 44.5485]","[-5.82734, -5.82734, -5.183, -5.183, -4.6262]","[139.656, 141.064, 135.465, 136.896, 135.452]",256.728,191.826,2
308,5,"[107.023, 89.0266, 10.9074, -57.4587, 29.013]","[-97.5746, -105.764, -106.552, -114.359, -131.987]","[3.34095e-07, 3.44594e-07, 3.54745e-07, 3.6465e-07, 3.98897e-07]","[-8.49445, -8.49445, -172.625, -172.625, 44.5469]","[38.8297, 142.562, 42.8055, 138.62, 132.726]","[171.506, 171.506, 172.625, 172.625, 135.614]","[141.17, 142.562, 137.195, 138.62, 133.731]",128.728,207.826,2
309,5,"[9.32958, -41.5565, 160.773, -178.575, -5.92708]","[-96.7508, -102.421, -112.08, -113.616, -113.704]","[3.03887e-07, 3.15394e-07, 4.51757e-07, 3.03937e-07, 4.06761e-07]","[-11.3759, -11.3759, -6.72555, -7.11826, -174.581]","[31.0798, 150.172, 54.8223, 31.0954, 50.2197]","[168.624, 168.624, 175.244, 167.675, 174.231]","[148.92, 150.172, 125.178, 148.905, 129.78]",144.728,207.826,2
312,5,"[-50.664, 124.819, -86.6811, 90.7621, -40.036]","[-95.4674, -102.325, -106.767, -113.212, -114.099]","[2.62174e-07, 2.75429e-07, 3.53371e-07, 3.53371e-07, 3.63314e-07]","[-101.63, -101.63, 48.1271, 48.0907, 48.1271]","[6.92085, 173.414, 42.5644, 42.5644, 138.86]","[78.3705, 78.3705, 54.9655, 54.9368, 54.9655]","[173.079, 173.414, 137.436, 137.436, 138.86]",192.728,207.826,2
313,5,"[68.67, 125.981, 64.532, 128.48, -54.5113]","[-95.6851, -99.156, -107.025, -110.463, -111.867]","[2.68823e-07, 2.6884e-07, 2.81764e-07, 2.81781e-07, 2.68841e-07]","[-152.624, 153.521, -152.624, 153.521, 164.207]","[14.4965, 14.5104, 166.183, 166.17, 14.5113]","[27.3762, 27.4887, 27.3762, 27.4887, 27.5305]","[165.503, 165.49, 166.183, 166.17, 165.489]",208.728,207.826,2
314,5,"[158.079, -71.2342, -156.71, 6.45017, -91.3047]","[-96.2075, -97.5371, -103.07, -104.439, -117.255]","[2.85476e-07, 2.85592e-07, 2.97694e-07, 2.97806e-07, 4.70541e-07]","[-164.704, 165.201, -164.704, 165.201, -5.74516]","[24.2606, 24.3123, 156.795, 156.745, 125.555]","[15.2955, 15.8086, 15.2955, 15.8086, 4.03391]","[155.739, 155.688, 156.795, 156.745, 125.555]",224.728,207.826,2
315,5,"[-179.3, -112.543, 3.543, 69.1366, 2.31389]","[-96.9387, -102.635, -109.435, -117.967, -118.479]","[3.10528e-07, 3.21797e-07, 3.6174e-07, 3.71459e-07, 4.00761e-07]","[-169.474, -169.474, 132.022, 132.022, -6.63441]","[33.0563, 148.24, 43.9886, 137.441, 49.5017]","[10.526, 10.526, 48.8464, 48.8464, 5.5927]","[146.944, 148.24, 136.011, 137.441, 130.498]",240.728,207.826,2
316,5,"[-179.828, 179.147, -67.9098, 27.1565, 44.3294]","[-97.7815, -103.394, -104.034, -107.388, -109.145]","[3.42139e-07, 3.8944e-07, 3.52398e-07, 3.6213e-07, 4.07382e-07]","[-171.991, 139.89, -171.991, -8.0381, 35.5703]","[40.4743, 48.0638, 140.934, 44.0524, 50.2924]","[8.00906, 40.9777, 8.00906, 6.99638, 37.4801]","[139.526, 131.936, 140.934, 135.948, 129.708]",256.728,207.826,2
330,5,"[107.97, 161.668, -162.263, 162.933, -17.4143]","[-98.6439, -101.16, -109.994, -110.271, -116.066]","[3.77817e-07, 3.84229e-07, 3.87132e-07, 3.93392e-07, 3.77858e-07]","[-17.9336, 22.8006, -17.9336, 22.8006, -20.7757]","[46.4598, 47.3618, 134.972, 134.068, 46.4657]","[162.066, 157.199, 162.066, 157.199, 162.546]","[133.54, 132.638, 134.972, 134.068, 133.534]",112.728,223.826,2
331,5,"[-94.453, -144.048, 46.3607, -84.8941, -169.372]","[-97.8079, -104.006, -111.423, -123.333, -130.425]","[3.43181e-07, 3.5341e-07, 5.03546e-07, 5.10572e-07, 5.03603e-07]","[-22.1481, -22.1481, -12.954, -12.954, -13.0636]","[40.6778, 140.733, 58.8779, 122.404, 57.9388]","[157.852, 157.852, 169.015, 169.015, 169.105]","[139.322, 140.733, 121.122, 122.404, 120.336]",128.728,223.826,2
332,5,"[-65.3924, 159.796, -141.143, -126.053, -35.2696]","[-102.475, -108.784, -109.599, -116.216, -116.828]","[3.37425e-07, 4.28541e-07, 3.47824e-07, 4.01092e-07, 4.28542e-07]","[43.6375, -138.442, 43.6375, -163.959, -138.626]","[39.5271, 52.6036, 141.872, 49.5421, 52.6037]","[135.561, 178.113, 135.561, 163.959, 178.209]","[140.473, 127.396, 141.872, 130.458, 127.396]",144.728,223.826,2
334,5,"[93.9468, 120.422, -48.8388, -129.491, -141.861]","[-95.9642, -100.885, -111.323, -119.122, -119.677]","[2.77597e-07, 2.90147e-07, 5.59083e-07, 2.77762e-07, 5.59509e-07]","[-60.8578, -60.8578, 85.1958, -78.1026, 95.4364]","[20.3538, 160.563, 62.2561, 20.4457, 62.2791]","[119.142, 119.142, 95.9113, 120.997, 96.5335]","[159.646, 160.563, 117.744, 159.554, 117.721]",176.728,223.826,2
335,5,"[45.1902, 18.9854, 83.7676, -45.1672, -44.6838]","[-95.8401, -101.935, -112.215, -126.082, -131.827]","[2.7366e-07, 2.86383e-07, 5.57673e-07, 3.29757e-07, 5.64025e-07]","[-94.3185, -94.3185, 91.388, 36.0616, 91.388]","[18.0011, 162.824, 62.1799, 37.8834, 119.019]","[85.6815, 85.6815, 89.7191, 64.1773, 89.7191]","[161.999, 162.824, 117.82, 142.117, 119.019]",192.728,223.826,2
338,5,"[-37.8904, -25.2581, 36.4533, -125.445, -167.341]","[-97.2076, -101.561, -108.136, -108.78, -122.833]","[3.20284e-07, 3.3731e-07, 3.31221e-07, 3.47712e-07, 4.17546e-07]","[-153.143, 141.609, -153.143, 141.609, -16.3136]","[35.6487, 39.5033, 145.697, 141.896, 130.941]","[26.8575, 39.2587, 26.8575, 39.2587, 15.2719]","[144.351, 140.497, 145.697, 141.896, 130.941]",240.728,223.826,2
339,5,"[-112.317, -146.016, 139.448, -6.35565, -23.7737]","[-98.0042, -104.85, -127.62, -131.873, -132.597]","[3.51017e-07, 3.61025e-07, 3.72221e-07, 3.72226e-07, 3.68802e-07]","[-159.02, -159.02, -40.8593, -40.9732, 161.481]","[42.1443, 139.277, 45.6356, 45.6364, 45.1137]","[20.98, 20.98, 16.799, 16.7887, 37.419]","[137.856, 139.277, 134.364, 134.364, 134.886]",256.728,223.826,2
354,5,"[108.13, 123.072, -146.063, -129.587, -3.46848]","[-98.2248, -104.286, -106.913, -108.53, -113.985]","[3.60039e-07, 3.83343e-07, 5.63553e-07, 3.69802e-07, 3.92527e-07]","[-33.6128, -150.704, 64.9918, -33.6128, -150.704]","[43.7074, 47.2397, 62.4949, 137.722, 134.191]","[146.387, 150.704, 114.207, 146.387, 150.704]","[136.293, 132.76, 117.505, 137.722, 134.191]",128.728,239.826,2
355,5,"[148.581, -165.867, 113.445, -115.963, 98.5815]","[-97.5252, -107.807, -108.749, -112.743, -114.767]","[3.32199e-07, 3.4746e-07, 4.19558e-07, 3.57567e-07, 3.42757e-07]","[-41.8435, -47.5335, -155.26, -47.5335, -41.669]","[38.4217, 41.4921, 51.6598, 139.925, 143.082]","[138.157, 131.665, 155.26, 131.665, 138.091]","[141.578, 138.508, 128.34, 139.925, 142.921]",144.728,239.826,2
357,5,"[-121.05, 49.1347, -119.31, 116.118, 123.617]","[-96.5862, -103.023, -104.72, -107.352, -107.767]","[2.98185e-07, 2.99124e-07, 3.09903e-07, 5.12617e-07, 5.13142e-07]","[-71.1492, -110.238, -71.1492, 84.6157, 96.8419]","[29.2112, 29.531, 151.993, 59.4882, 59.5227]","[108.851, 110.958, 108.851, 96.4914, 97.2284]","[150.789, 150.469, 151.993, 120.512, 120.477]",176.728,239.826,2
358,5,"[-154.009, -0.564108, 24.1041, 166.338, 160.72]","[-96.4788, -107.683, -108.439, -120.133, -135.399]","[2.94524e-07, 5.11079e-07, 3.06382e-07, 5.18003e-07, 6.92688e-07]","[-92.6476, 91.5565, -92.6476, 91.5565, 134.882]","[27.9107, 59.3865, 153.258, 121.884, 69.377]","[87.3524, 89.5507, 87.3524, 89.5507, 134.51]","[152.089, 120.614, 153.258, 121.884, 113.526]",192.728,239.826,2
361,5,"[-107.463, 96.5479, 178.937, -44.9681, -65.1451]","[-127.69, -134.748, -139.372, -141.536, -141.903]","[3.38787e-07, 3.49198e-07, 4.48738e-07, 5.67552e-07, 4.50255e-07]","[-129.453, -128.872, -41.633, 39.9486, -1.03023]","[39.8055, 141.586, 54.55, 67.3739, 54.6874]","[37.419, 37.3074, 14.7404, 41.132, 28.6257]","[140.195, 141.586, 125.45, 119.199, 125.313]",240.728,239.826,2
362,5,"[-101.735, 177.518, -15.4215, -169.948, 123.93]","[-98.4035, -113.695, -123.046, -129.849, -130.722]","[3.67516e-07, 3.77085e-07, 4.40074e-07, 4.48097e-07, 3.69335e-07]","[-147.944, -147.944, -24.5444, -24.5444, -159.957]","[44.9137, 136.518, 53.7429, 127.633, 45.196]","[32.0558, 32.0558, 22.4983, 22.4983, 37.419]","[135.086, 136.518, 126.257, 127.633, 134.804]",256.728,239.826,2
376,5,"[173.135, -14.4645, -32.9096, 6.28103, -101.16]","[-111.785, -120.117, -124.743, -128.713, -132.623]","[4.37985e-07, 4.37986e-07, 4.15109e-07, 6.08675e-07, 4.17035e-07]","[-48.8395, -48.5974, -30.2443, -68.5019, 4.48924]","[53.5422, 53.5423, 51.1725, 64.7704, 51.3851]","[139.051, 139.004, 142.904, 118.623, 142.452]","[126.458, 126.458, 128.827, 115.368, 128.615]",112.728,255.826,2
377,5,"[143.967, 53.9795, -100.033, -26.5007, -60.352]","[-98.7769, -107.831, -111.283, -124.876, -126.605]","[3.83644e-07, 3.92821e-07, 5.21607e-07, 3.92856e-07, 5.35185e-07]","[-42.6886, -42.6886, 62.1299, -41.3896, 121.294]","[47.2813, 134.149, 60.0684, 134.144, 60.9019]","[137.311, 137.311, 117.069, 136.457, 120.492]","[132.719, 134.149, 119.932, 134.144, 119.098]",128.728,255.826,2
378,5,"[-82.8692, -5.64302, -117.509, 31.1413, 146.879]","[-104.89, -116.138, -121.448, -132.66, -135.881]","[4.39982e-07, 4.39966e-07, 4.47986e-07, 4.84531e-07, 4.77121e-07]","[-147.404, -147.608, -147.402, -28.5485, -28.5485]","[53.7341, 54.1772, 127.644, 124.381, 56.942]","[147.404, 147.336, 147.402, 151.452, 151.452]","[126.266, 126.409, 127.644, 124.381, 123.058]",144.728,255.826,2
380,5,"[-123.028, -71.5095, 52.017, 95.5108, -18.5478]","[-97.3693, -100.868, -105.995, -111.334, -113.606]","[3.26297e-07, 3.27255e-07, 4.67632e-07, 3.37039e-07, 3.37966e-07]","[-76.1776, -104.896, 83.8769, -76.1776, -104.896]","[37.0956, 37.3169, 56.1819, 144.273, 144.055]","[103.822, 105.617, 97.2302, 103.822, 105.617]","[142.904, 142.683, 123.818, 144.273, 144.055]",176.728,255.826,2
381,5,"[-62.3183, 177.508, -151.551, -16.1712, 125.111]","[-97.2798, -106.014, -110.826, -116.79, -130.145]","[3.22954e-07, 4.65945e-07, 3.33804e-07, 4.7353e-07, 3.42779e-07]","[-91.9086, 91.7714, -91.9086, 91.7714, -51.9939]","[36.3041, 56.0428, 145.052, 125.297, 40.5996]","[88.0914, 89.3357, 88.0914, 89.3357, 64.1773]","[143.696, 123.957, 145.052, 125.297, 139.4]",192.728,255.826,2
382,5,"[96.0388, 68.8645, 9.72784, 58.0749, -27.5689]","[-97.4245, -106.005, -109.663, -111.111, -116.677]","[3.28374e-07, 4.70352e-07, 3.3905e-07, 3.284e-07, 4.77866e-07]","[-107.364, 99.5996, -107.364, -88.7886, 99.5996]","[37.5723, 56.4036, 143.803, 37.5781, 124.93]","[72.6363, 81.5075, 72.6363, 72.563, 81.5075]","[142.428, 123.596, 143.803, 142.422, 124.93]",208.728,255.826,2
383,5,"[90.5456, 24.9166, -44.9387, 12.2465, -157.589]","[-106.44, -111.881, -117.491, -123.473, -134.174]","[4.80684e-07, 4.81836e-07, 4.88039e-07, 4.89174e-07, 4.81022e-07]","[107.084, -106.841, 107.084, -106.841, 102.654]","[57.2179, 57.3061, 124.1, 124.01, 57.2438]","[74.0231, 74.0823, 74.0231, 74.0823, 72.5511]","[122.782, 122.694, 124.1, 124.01, 122.756]",224.728,255.826,2
384,5,"[-141.476, 32.297, -123.771, 73.5859, 59.3311]","[-118.265, -131.412, -140.864, -141.336, -141.702]","[4.71207e-07, 4.63617e-07, 5.00652e-07, 4.7142e-07, 3.71596e-07]","[-29.8776, -29.4432, 127.47, -33.4556, -105.749]","[125.497, 56.989, 58.6778, 125.479, 45.5412]","[29.8776, 30.0214, 72.5511, 28.6257, 37.419]","[125.497, 124.525, 121.322, 125.479, 134.459]",240.728,255.826,2
385,5,"[113.772, -159.698, 41.3365, -134.69, -161.377]","[-104.071, -111.167, -116.913, -119.122, -124.314]","[4.26899e-07, 5.01087e-07, 5.01459e-07, 4.35164e-07, 5.08147e-07]","[-34.3854, 44.1173, 38.1972, -34.3854, 44.1173]","[52.4349, 58.708, 58.7339, 128.958, 122.578]","[34.3854, 39.33, 40.4575, 34.3854, 39.33]","[127.565, 121.292, 121.266, 128.958, 122.578]",256.728,255.826,2
400,5,"[-56.7739, -145.253, -179.087, -153.356, 41.2224]","[-99.4147, -110.75, -112.683, -117.248, -118.981]","[4.12842e-07, 4.8193e-07, 4.29566e-07, 4.83378e-07, 4.12904e-07]","[-49.7223, 58.6023, -134.322, 58.4685, -48.7994]","[50.9188, 57.3133, 52.708, 124.475, 51.918]","[130.278, 120.596, 134.322, 121.293, 129.666]","[129.081, 122.687, 127.292, 124.475, 129.724]",128.728,271.826,2
401,5,"[91.6469, 32.7587, 174.013, -130.021, -19.2081]","[-119.318, -128.138, -129.767, -132.251, -135.321]","[4.61025e-07, 4.6157e-07, 4.62874e-07, 4.55379e-07, 4.66856e-07]","[65.4802, -143.769, 65.4693, 66.8518, -132.703]","[55.6301, 55.6764, 126.236, 60.0157, 56.1181]","[113.719, 139.004, 114.293, 114.517, 143.761]","[124.37, 124.324, 126.236, 125.623, 123.882]",144.728,271.826,2
402,5,"[-142.604, 151.904, -102.146, -135.026, -7.79605]","[-107.003, -108.753, -117.828, -119.211, -125.162]","[5.016e-07, 5.55425e-07, 5.08653e-07, 5.14516e-07, 5.21394e-07]","[-145.237, 134.085, -145.237, -77.0164, -76.9882]","[58.7436, 62.0575, 122.542, 59.8288, 121.653]","[145.237, 134.886, 145.237, 103.359, 103.355]","[121.256, 117.943, 122.542, 120.416, 121.653]",160.728,271.826,2
403,5,"[-45.7134, 99.7035, -44.1309, -35.9094, 78.2127]","[-98.2281, -108.614, -108.822, -114.598, -126.234]","[3.60174e-07, 3.69933e-07, 4.24597e-07, 6.54917e-07, 4.31363e-07]","[-79.1142, -79.1142, 82.9043, -130.381, 83.4175]","[43.7298, 137.699, 52.1956, 66.5843, 129.368]","[100.886, 100.886, 98.2028, 131.947, 98.3319]","[136.27, 137.699, 127.804, 113.416, 129.368]",176.728,271.826,2
404,5,"[119.478, 100.342, 113.076, 152.395, -157.113]","[-98.1547, -106.955, -108.226, -114.252, -114.313]","[3.57148e-07, 3.66988e-07, 4.22739e-07, 3.74502e-07, 3.83885e-07]","[-91.492, -91.492, 92.0553, -65.2677, -65.8534]","[43.2201, 138.207, 52.0, 46.2564, 135.458]","[88.508, 88.508, 89.0518, 65.1847, 64.6598]","[136.78, 138.207, 128.0, 134.274, 135.458]",192.728,271.826,2
405,5,"[-7.47034, -1.26852, 98.2695, -11.7532, -116.232]","[-98.2734, -109.255, -109.882, -128.979, -129.993]","[3.62057e-07, 4.27591e-07, 3.71767e-07, 4.35099e-07, 3.64152e-07]","[-103.734, 101.103, -103.734, 101.69, -89.7657]","[44.0405, 52.5062, 137.39, 128.965, 44.3803]","[76.2658, 80.0037, 76.2658, 80.0592, 70.72]","[135.96, 127.494, 137.39, 128.965, 135.62]",208.728,271.826,2
406,5,"[-103.916, -125.1, -12.7789, 120.208, 179.099]","[-111.305, -127.721, -129.175, -136.813, -137.801]","[5.25791e-07, 5.32524e-07, 6.04062e-07, 4.39233e-07, 4.39545e-07]","[-104.901, -104.901, 103.584, 116.114, 108.122]","[60.3306, 120.917, 64.478, 53.6623, 63.7257]","[76.0224, 76.0224, 78.4538, 72.5511, 71.2201]","[119.669, 120.917, 115.522, 126.338, 127.771]",224.728,271.826,2
407,5,"[-131.671, 124.598, -2.98978, -46.8857, 163.971]","[-115.249, -122.803, -125.516, -128.176, -132.434]","[4.95269e-07, 4.88054e-07, 5.31722e-07, 5.38352e-07, 4.95301e-07]","[-36.3159, -35.8351, 43.6498, 44.1546, -34.9412]","[123.535, 58.8338, 61.6393, 120.547, 123.533]","[36.3159, 36.4746, 44.3207, 44.1546, 36.7629]","[123.535, 122.574, 119.615, 120.547, 123.533]",240.728,271.826,2
408,5,"[144.357, 157.679, -83.3174, 115.435, -36.4991]","[-122.607, -125.29, -129.745, -130.649, -135.508]","[4.98206e-07, 5.21572e-07, 4.84195e-07, 4.20253e-07, 5.21647e-07]","[-21.4027, 51.8423, -34.5674, -128.723, 49.6657]","[58.6733, 60.0662, 57.4851, 48.2379, 60.0709]","[51.652, 51.8423, 37.2115, 45.7322, 52.4138]","[121.642, 119.934, 122.515, 125.683, 119.929]",256.728,271.826,2
